Title (abbreviated),Number
AA,1
AAA,2
AAEC,3
AALig,4
AAN,5
AAntHung,6
AAP,7
AAPat,8
AAS,9
AASOR,10
AbhBerl,11
AbhMainz,12
AbhMünch,13
ACD,14
ACF,15
AClass AClas,16
ActaArch,17
ActaArchHung,18
ActaHyp,19
ActaOrHung,20
AEHEG,21
AeR,22
Aevum Aevum(ant),23
AFC,24
AFig,25
AFLC,26
AG,27
AGPh,28
AH,29
AHB,30
AHDE,31
AHDO,32
AHE,33
AHES,34
AHR,35
AION(filol),36
AJA,37
AJAH,38
AJN,39
AJP,40
AJSL,41
AKG,42
AltO,43
AM,44
AnalBoll,45
AnalRom,46
AnatSt,47
AncEg,48
AncNarr,49
AncPhil,50
AncSoc,51
AncW,52
Annales (HSS),53
AnnArchStorAnt,54
AnnBari,55
AnnEconSocCiv,56
AnnNap,57
AnnParis,58
AnnPerugia,59
AnnPhilHist,60
AnnPisa AnnPisa ser. II,61
AnnSE,62
AnnTriest,63
ANSMN,64
AntCl,65
AntJ,66
AntK,67
AntTard,68
AntW,69
AnzAW,70
AnzWien,71
AO,72
AOF,73
APapyrol,74
APAW,75
AquilNost,76
ArchCl,77
ArchDelt,78
ArchEph,79
ArchErt,80
ArchEspArq AEA,81
ArchKorrBl,82
ArchPF,83
ArchRW,84
ARF,85
ARG,86
ASAE,87
ASAtene,88
ASR,89
AThR,90
AttiCAntCl,91
AttiFir,92
AttiMGrecia,93
AttiPal,94
AttiPontAcc,95
AttiTor,96
AttiVen,97
AuA,98
AUMLA,99
AUS,100
AVM,101
BAB,102
BACE,103
BAClLg,104
BACPS,105
BAEC,106
BAntFr,107
BAPC,108
BASOR,109
BASP,110
BAssBudé,111
BAT,112
BCH,113
BClevMus,114
BdA,115
BECh,116
BerlMus,117
BerlNumZ,118
BFAC,119
BFAM,120
BFC,121
BFS,122
BHM,123
BIABulg,124
BiblArch,125
BiblH&R,126
BibO,127
BICS,128
BIDR,129
BIE,130
BIFAO,131
BIHBelge,132
BiZ,133
BJb,134
BLund,135
BMF,136
BMFA,137
BMMA,138
BMQ,139
BMusBrux,140
BMusHongr,141
BMusUM,142
BPEC,143
BPW,144
BRL,145
BrookMusQ,146
BSA,147
BSAA,148
BSRAA,149
BSFN,150
BSL,151
BSR,152
BullRoum,153
BWG,154
ByzJ,155
BZ,156
C&W,157
CAAH,158
CahArch,159
CahEtAnc,160
CArchJ,161
CB,162
CCAB,163
CCatt,164
CCG,165
CCO,166
CFC,167
CFC(G),168
CFC(L),169
CGITA,170
ChHist,171
CHJ,172
CHM,173
ChrEg,174
CJ,175
ClAnt,176
ClMed,177
CML,178
ConnHell,179
CP,180
CQ,181
CR,182
CRIPEL,183
CronErcol,184
CW,185
DA,186
DHA,187
DialArch,188
DLZ,189
DOP,190
EB,191
EchCl,192
EClás,193
EE,194
EEAth,195
EgR,196
EHHD,197
EHR,198
EL,199
EpetByz,200
EpSt,201
EranJb,202
ErIsr,203
ET,204
EtCelt,205
EtCl,206
EThL,207
EtPap,208
EtTrav,209
Études,210
EVO,211
EW,212
ExcPhilol,213
FlorIlib,214
FuB,215
FuF,216
GaR,217
GArb,218
GBA,219
GeogrAnt,220
GFA,221
GGA,222
GIF,223
GJ,224
GLP,225
GM,226
GrazBeitr,227
GRBS,228
H&T,229
HebrUCA,230
HG,231
HispAnt,232
HJ,233
HLB,234
HSCP,235
HSMed,236
HThR,237
HZ,238
ICS,239
IEJ,240
IGForsch,241
IH,242
IJb,243
IJCT,244
IJNA,245
ILN,246
InvLuc,247
IstMitt,248
JA,249
JAC,250
JAnthArch,251
JAOS,252
JARCE,253
JAS,254
JAW,255
JBerlMus,256
JBernHistMus,257
JBL,258
JCS,259
JdI,260
JEA,261
JECS,262
JEH,263
JEOL,264
JESHO,265
JFA,266
JHI,267
JHS,268
JIES,269
JJurP,270
JMA,271
JMainz,272
JMünch,273
JNES,274
JÖBG,275
JQR,276
JRA,277
JRel,278
JRGZM,279
JRMES,280
JRS,281
JSav,282
JSJ,283
JThS,284
JWalt,285
JWarb,286
JWG,287
KK,288
KölnJB,289
KVG,290
LCM,291
LF,292
LibSt,293
LICS,294
LIMAM,295
MA,296
MAntFr,297
MBAH,298
MCl,299
MCr,300
MCV,301
MD,302
MDIK,303
MedHum,304
MeditArch,305
MediterrAnt,306
MedRen,307
MedSec,308
MÉFR,309
MÉFRA,310
MemLinc,311
MemNap,312
MGR,313
MHR,314
MiChA,315
MIO,316
MÖIG,317
MonPiot,318
MSR,319
MStudStor,320
MüJb,321
MusHelv,322
NAkG,323
NAnt,324
NC,325
NCirc,326
NECJ,327
NHJ,328
NJAB,329
NJbb,330
NJW,331
NL,332
NouvClio,333
NRS,334
NRTh,335
NTS,336
NumAntCl,337
NZ,338
OC,339
OCP,340
ÖJh,341
OJA,342
OLP,343
OLZ,344
OMRL,345
OpArch,346
OpAth,347
OpRom,348
OS,349
OSAPh,350
P&I,351
PACA,352
PastPres,353
PCA,354
PCPS,355
PEFA,356
PEFQ,357
PhilosAnt,358
PhilWoch,359
PhS,360
PLCS,361
PP,362
PQ,363
Prakt,364
PraktAkAth,365
PRIA,366
ProcBritAc,367
ProcPhilAs,368
ProcPhilSoc,369
PSN,370
QAL,371
QC,372
QCSAM,373
QDAP,374
QS,375
QSAE,376
QUCC,377
RA,378
RACrist,379
RArts,380
RBibl,381
RBN,382
RBPhil,383
RCCM,384
RD,385
RdA,386
RDAC,387
REA,388
REByz,389
REC,390
RecSciRel,391
RecTh,392
REG,393
REg,394
REJ,395
REL,396
RendBol,397
RendIstLomb,398
RendLinc,399
RendNap,400
RendPontAcc,401
RFHIP,402
RHD,403
RHE,404
Rhetorica,405
RHist,406
RhM,407
RHPh,408
RHPhR,409
RHR,410
RHSE,411
RHT,412
RID,413
RIDA,414
RIGI,415
RIN,416
RISG,417
RivBibl,418
RivFil,419
RivIstArch,420
RivStorAnt,421
RivStorIt,422
RM,423
RMM,424
RN,425
RömQSchr,426
RPhA,427
RPhil,428
RPL,429
RR,430
RS,431
RSB,432
RSCr,433
RSDI,434
RSF,435
RSO,436
RSPh,437
RThPh,438
RUB,439
S&C,440
SaalbJb,441
SBBerl,442
SBF,443
SBFP,444
SBHeid,445
SBMünch,446
SBWien,447
SCathol,448
ScCatt,449
SchwMbll,450
SCI,451
SDHI,452
SemRom,453
SEP,454
SicGymn,455
SMEA,456
SMSR,457
SNR,458
SP,459
SPAW,460
SPFB (klas),461
StClas,462
STh,463
StIt,464
StMisc,465
StPap,466
StRom,467
StudUrb (Ser. B),468
SyllClass,469
SymbOslo,470
TAPA,471
TAPS,472
TG,473
ThB,474
ThJ,475
ThLZ,476
ThQ,477
ThRev,478
ThS,479
ThZ,480
TravMém,481
TRG,482
U&F,483
UgaritF,484
VDI,485
VerbDom,486
VigChr,487
VSG,488
WB,489
WG,490
WHB,491
WorldArch,492
WS,493
WürzJbb,494
WZBerlin,495
WZHalle,496
WZKM,497
WZLeipzig,498
YCS,499
ZAC,500
ZÄS,501
ZATW,502
ZBB,503
ZDMG,504
ZDPV,505
ZivaAnt,506
ZKG,507
ZKTh,508
ZNTW,509
ZÖstG,510
ZPE,511
ZPhF,512
ZSav,513
ZVRW,514
ZVS,515
ZWTh,516
CRAI,617
RIL,751
Varia Aeg.,894
Aberdeen University Review,900
Acme,901
Acta Byzantina Fennica N.S.,902
Acta Ethnographica Academiae Scientiarum Hungaricae,903
Acta Hyperborea,904
Acta Juridica Academiae Scientiarum Hungaricae,905
Acta Musicologica,906
Acta Orientalia,907
Acta Philologica Aenipontana,908
"Acta Universitatis Latviensis, Filol. un Filos. Fakultates [Riga], ser. IV",909
Actes du VIIIe Congrès international des sciences historiques. Section II,910
Adamantius,911
Aegyptus,912
Aegytus,913
Aevum(ant) N.S.,914
Africana Bulletin,915
Agon,916
Ägypten in,917
Ägypten und Levante,918
Akademie-Journal,919
Akroterion,920
Al Qanoun Wal Iqtisad,921
Al Quanoun wal Iqtisad,922
Alba Regia,923
Alexandrie entre deux,924
"Alexandrie, le dernier",925
"Alexandrie, lumière du",926
Alfinge,927
"Alif. Journal of Comparative Poetics [American University in Cairo, Department of English and Comparative Literature]",928
Almanach Akademie Wien,929
Almanach der Österreichischen Akademie der Wissenschaften,930
Almanach der Österreichischen Akademie der Wissenschaften in Wien,931
Altertum,932
Alumni. Revue du Cercle des Alumni [Bruxelles],933
Alumni. Revue du Cercle des Alumni de la Fondation Universitaire (Bruxelles),934
Ambrosius,935
American Anthropologist,936
American Mathematical Monthly,937
American Scholar,938
American Sociological Review,939
American University Law Review,940
Amour de l'Art,941
Ampurias,942
Anabases. Traditions et réception de l'Antiquité,943
Anabases. Traditions et réception de l'Antiquité. Revue de l'équipe de recherche E.R.A.S.M.E. - Université de Toulouse-Le Mirail,944
Anagennesis,945
Analecta Gregoriana,946
Analecta. Publication annuelle de l'Institut d'études orientales de la Bibliothèque patriarcale d'Alexandrie,947
"Analele Univ. Bucuresti, Ser. St. Soc.",948
Analele Universitatii Bucuresti. Seria Stiinte Sociale-Juridice,949
Analele Universitatii din Bucuresti. Seria Stiinte Sociale. Filologie,950
Anali della scuola normale superiore di Pisa (ASNP),951
Analytical Chemistry,952
Anatolia Antiqua,953
Anazetesis,954
Ancient Civilizations from Scythia to Siberia,955
Ancient Society [Macquarie University],956
Ancient West & East,957
Andalus,958
Anemos,959
Ankara Universitesi Hukuk Fakültesi Dergisi [Revue de la Faculté de Droit de l'Université d'Ankara],960
Annales de la Faculté de Droit d'Istanbul,961
Annales de la Faculté de Droit de l'Université de Bordeaux. Série juridique,962
Annales de la Faculté de Droit et des Sciences économiques de Toulouse,963
"Annales du Centre Universitaire Méditerranéen, Nice",964
Annales Islamologiques,965
"Annales Universitatis Saraviensis, Philosoph. Fakultät",966
Annali del Liceo Classico 'Dettori' di Cagliari,967
"Annali del Pontificio Istituto Superiore di Scienze e Lettere ""S. Chiara""",968
"Annali dell'Istituto Superiore di Scienze e Lettere ""S. Chiara"" di Napoli",969
Annali della Facoltà de Giurisprudenza dell'Università di Camerino,970
Annali della Facoltà di Giurisprudenza dell'Università di Bari,971
Annali della Facoltà di Giurisprudenza dell'Università di Bari N.S.,972
Annali della Facoltà Giuridica (Università degli Studi di Camerino),973
"Annali della R. Scuola Normale Superiore di Pisa, Ser. II",974
Annali di Scienze religiose,975
Annali di Scienze Religiose (Università Cattolica del Sacro Cuore),976
Annali di storia del diritto,977
"Annals of the Faculty of Arts, Ain Shams University",978
"Annals of the Faculty of Arts, Ibrahim Pasha University [Ain Shams University, Cairo]",979
Annotazioni numismatiche ser.,980
Annuaire de l'École Pratique des Hautes Études. Section des Sciences historiques et philologiques,981
Annuaire du Musée National de,982
Annuario di diritto internazionale,983
Anthropologischer Anzeiger,984
Anthropozoologica,985
Antichthon,986
Antik Tanulmányok,987
Antik tanulmányok - Studia antiqua,988
Antik Tanulmányok (Studia Antiqua),989
Antiquitas,990
Antiquity,991
Anuario de Estudios Filológicos [Universidad de Extremadura],992
Anuarul Institutului de Studii Clasice (Univ. din Cluj),993
Apeiron,994
Apocrypha,995
Aquila legionis. Cuadernos de estudios sobre el ejército romano,996
Aram,997
Arbor,998
Archaeologia,999
Archaeologia Maritima Mediterranea,1000
"Archaeologiai. Ertesitö, s. III",1001
Archaeology,1002
Archaeonautica,1003
Archaeozoologia,1004
Archaeus,1005
Archaiognosia,1006
Archaiologia,1007
Archaoelogy,1008
Archeion,1009
Archeion idiotikou dikaiou,1010
Archeo,1011
Archeografo Triestino,1012
Archéologia,1014
Archeologia Viva N.S.,1015
Archéologie du Nil Moyen,1016
Archiv für ägyptische Archäologie,1017
Archiv für Geschichte des Buchwesens,1018
Archiv für Liturgiewissenschaft,1019
Archivio giuridico Filippo Serafini,1022
Archiwum Filologiczne. XI,1023
Archiwum Orientale Pragense,1024
Archiwum towarzystwa naukowego we Lwowie,1025
Arctos,1026
Arctos N.S.,1027
Arethusa,1028
Argos,1029
Ariadne,1030
Arion,1031
Art in America,1032
Arte,1033
Artibus Asiae,1034
Arts et Métiers graphiques,1035
Asiatische Studien,1036
Aspetti dell'opinione pubblica nel,1037
Athena,1038
Athenaeum,1039
Athenaeum N.S.,1040
Atiqot,1041
Atti Acc. Udine s. VI,1042
Atti del IV Congresso nazionale di Studi Romani. II,1043
"Atti dell'Accademia di Scienze, Lettere e Arti di Udine",1044
Atti dell'Accademia Peloritana dei Pericolanti,1045
"Atti della Società Italiana per il Progresso delle Scienze Riunite XXVI, vol. I",1046
"Atti e memorie dell'Accademia nazionale di scienze, lettere ed arti di Modena ser.",1047
Atti IV Congresso Internazionale di Archeologia Cristiana. II,1048
Au fil de,1049
Au royaume d'Osiris. Images et rites,1050
Aufidus,1051
Augustinianum,1052
Aula Orientalis,1053
Auriga,1054
Aus der Welt,1055
Australian Biblical Review,1056
Balkan-Archiv N.F.,1057
"Bancroftiana [The Bancroft Library, University of California, Berkeley]",1058
Baptist Quarterly,1059
Baroda State Museum Bulletin,1060
Begegnung von Heidentum und Christentum,1061
Beiträge zur Sudanforschung,1062
Belfagor,1063
Bergamum,1064
Bericht des Historischen Vereins Bamberg,1065
Berkshire Review,1066
Berytus,1067
Bibel und Kirche,1068
Bible Review,1069
Biblica,1070
Bibliophil. Jahrb. f. Kathol. Geistesleben,1071
Bibliotheca Sacra,1072
Biblische Leitschrift N.F.,1073
Biblische Notizen,1074
Biblos,1075
Bijdragen tot de geschiedenis,1076
Bild- und Formensprache der spätantiken Kunst. Hugo Brandenburg zum,1077
Biuletyn historii Sztuki i Kultury,1078
Bogoslovska smotra,1079
Bogoslovskie trudy,1080
Boletín de la Asociación española de Egiptología,1081
Boletín de la Asociación Española de Orientalistas,1083
Boletín del Instituto de Derecho Comparado de México,1084
Boletín del Instituto de Investigaciones Históricas,1085
Boletín del Museo Arqueológico Nacional,1086
Bollettino del Museo Civico di Padova,1087
Bollettino del Reale Istituto di patologia del libro,1088
Bollettino della Scuola di perfezionamento e di specializzazione in diritto del lavoro e della sicurezza sociale (Università di Trieste),1089
Bollettino della Società Lett. Verona,1090
Bollettino di Numismatica,1091
"Bollettino Roncioniano [Prato, Biblioteca Roncioniana]",1092
Boreas,1093
Boston Museum Bulletin,1094
Britannia,1095
British Academy Review,1096
British Journal for the History of Science,1097
Buchbinderlehrling,1098
Bull. Museen in Köln,1099
"Bull. of the John Rylands Library, Manchester",1100
Bulletin de l'Académie des Sciences de l'URSS,1101
"Bulletin de l'Association des Amis de ""Sources chrétiennes""",1102
Bulletin de la Société Archéologique d'Alexandrie,1104
Bulletin de la Société d'Égyptologie de Genève,1106
Bulletin de la Société Ernest Renan N.S.,1109
Bulletin de la Société française d'Égyptologie,1110
Bulletin de liaison de la Société des Amis de la Bibliothèque Salomon-Reinach N.S.,1112
Bulletin des Musées et Monuments lyonnais,1113
Bulletin du Centenaire. Supplément au BIFAO,1114
Bulletin du Cercle d'Études numismatiques,1115
Bulletin du Cercle des Alumni de la Fondation Universitaire,1116
Bulletin International de l'Académie Yougoslave des Sciences et des Beaux-Arts de Zagreb,1117
Bulletin of British Byzantine Studies,1118
Bulletin of the Bezan Club,1120
Bulletin of the Egyptological Seminar,1121
"Bulletin of the Faculty of Arts, Farouk I University [Alexandria University]",1122
Bulletin of the Israel Exploration Society,1123
Bulletin of the Okayama Orient Museum,1124
Bulletin of the Polish Institute of Arts and Sciences in America,1125
BSOAS,1126
Bulletin officiel de la Chambre syndicale du Commerce des papiers de France,1127
Bulletin trimestriel de la Société française d'Égyptologie,1128
Bulletin van de Vereeniging tot Bevordering der Kennis van de Antieke Beschaving,1129
Bulletin. Wadsworth Atheneum,1130
Buried History. Quarterly Journal of the Australian Institute of Archaeology,1131
Buzantiaka,1132
Buzantina,1133
Byzantina,1134
Byzantina Metabyzantina,1135
Byzantina Neerlandica,1136
Byzantine Studies / Études byzantines,1138
Byzantinoslavica,1139
Byzantion,1140
Ca' de Sass,1141
Cadmo [Lisboa],1142
Caesarodunum,1143
Cahiers d'Alexandrie,1144
"Cahiers d'Alexandrie Série III, fasc.",1145
Cahiers d'histoire égyptienne,1146
Cahiers de Clio,1147
Cahiers de Karnak,1148
Cahiers de la céramique égyptienne,1149
Cahiers de Mariemont,1150
Cahiers du Centre d'études chypriotes,1151
Capitolium,1152
Cathedra,1153
Catholic Biblical Quarterly,1154
Célébration du bi-centenaire de la pierre,1155
"Centaur, No. spécial d'hommage à la Grèce",1156
Centaurus,1157
Cercle lyonnais d'Égyptologie Victor Loret. Bulletin,1158
Chiron,1159
Christiana Albertina,1160
"Christoph SCHÄUBLIN, Aus paganer und christlicher Antike. Ausgewählte Aufsätze zur Klassischen Philologie",1161
Chronozones,1162
Church Quarterly Review,1163
Ciba-Rundschau,1164
Circe,1165
Classica (Brasil),1166
Classical Studies,1167
Classicum,1168
Codicologica,1169
Collectanea Christiana Orientalia [Córdoba],1170
Communications du Musée National de l'Ermitage,1171
Computing in the,1172
Concordia Theological Monthly,1173
Conservation of Wood in Painting and the Decorative Arts,1174
Convivium,1175
Corolla Londiniensis,1176
Crises,1177
Cristianismo y poder en,1178
Critical Review of Books in Religion,1179
Cuadernos de Historia primitiva,1180
Cultura Biblica,1181
Cultura Bíblica,1182
Czasopismo prawno-historyczne,1183
Czasopismo Prawno-Historyczne [Annales d'Histoire du Droit],1184
Czasopismo prewno-historyczne,1185
Dappim,1187
Das Altertum,1188
Das Giessener Fenster. Aktuelle Monatsschrift für Giessen und Mittelhessen,1189
Das Gymnasium,1190
Das Prophetische Wort,1191
Dawna kultura,1192
Dawna Sztuka,1193
De Gids,1194
Dejury a soucasnost,1195
Deltion tès christianikès archaiologikès Hetaireias IV,1196
Der Stenografielehrer,1197
Deutsche höhere Schule,1198
Deutsche Juristen Zeitung,1199
Deutsche Münzblätter,1200
Deutsche Textfunde in Nubien,1201
Deutsches Jahrbuch der Musikwissenschaft,1202
Deutsches Pfarrerblatt,1203
Deutschlands Erneuerung,1204
Dialog,1205
Dialogos,1206
Diatribae Fr. Lexa.,1207
Didaskalikon (Athénée Royal de Liège. Centre de recherche et de documentation pour l'enseignement du grec) No.,1208
Didaskalos,1209
Die Antike,1210
Die Bibel in der Welt. Jahrbuch des Verbandes der Evangelischen Bibelgesellschaften in Deutschland,1211
Die Frau,1212
Die Neue Rundschau,1213
Die Sprache,1214
Die Waage,1215
Dike,1216
Dike. Rivista di storia del diritto greco ed ellenistico,1217
Diogène,1218
Diogenes,1219
Dioniso,1220
Dioniso N.S.,1221
Dionysius,1222
"Dipartimento di Filologia, Linguistica e Tradizione classica ""Augusto Rostagni"". Quaderni",1223
Discussions in Egyptology,1224
Dodekanesiakon Archeion,1225
Dodone,1226
Donum Natalicium Albin,1227
"Dossier: ""Afriques romaines, relectures et réflexions à l'école",1228
Doxa,1229
Durius,1230
Ecclesiastical Review,1231
École Pratique des Hautes Études - Section des Sciences historiques et philologiques. Livret-Annuaire,1232
Egnatia,1233
Egypt Travel Magazine,1234
Egypt Travel Magazine [édition française],1235
Égypte contemporaine,1236
"Égypte, Afrique & Orient",1237
Égyptes,1238
Egyptian Archaeology,1239
Égyptiens et Grecs: ports et voyages,1240
Eikasmos,1241
Einiges über Löhne und Preise im justinianischen Reich,1242
Eirene,1243
Eis mnemen G.P. Oikonomou.,1244
El miliario extravagante,1245
Elenchos,1246
Emerita,1247
Enchoria,1248
Eos,1249
Epeteris Laographikou Archeiou Akademias Athenon,1250
Epeteris Leukadikon meleton,1251
Ephemerides Liturgicae,1252
Ephemerides mariologicae,1253
Ephemeris Hellenon Nomikon,1254
Ephemeris ton Hellenon Nomikon,1255
Epigraphica,1256
Epitheoresis Ergatikou Dikaiou,1257
Epoca,1258
Epos,1259
Eranos,1260
"Eras [School of Historical Studies, Monash University, Melbourne]",1261
Erdkunde. Archiv für wissenschaftliche Geographie,1262
Erfurter Münzblätter,1263
Erytheia,1264
"Espacio, Tiempo y Forma. Serie II. Historia Antigua [Universidad Nacional de Educación a Distancia]",1265
"Essays in Philosophy [Humboldt State University, Arcata, California]",1266
"Estudios humanísticos, Geografía, Historia, Arte (Universidad de León. Facultad de Filosofía y Letras)",1267
Estudis Romànics,1268
Études balkaniques,1269
Eulimene,1270
Eunomia,1271
Eunomia (Prague),1273
Evangel,1275
Evangelical Quarterly,1276
Evangelische Theologie,1277
Expedition,1278
Expedition (Philadelphia),1279
Facta. A Journal of Roman Material Culture Studies,1280
Faenza,1281
Faventia,1282
Filologia Neotestamentaria,1283
Filomata,1284
Filomata (Cracovie),1285
Filomata fasc.,1286
Filomocha No.,1287
Filosofia,1288
Folium,1289
Fonaments. Prehistòria i Món. Antic als Països Catalans,1290
Forschung in,1291
Forschungen und Berichte,1292
Fortunatae,1293
France Franciscaine,1294
France-Grèce,1295
"Francisco R. ADRADOS, José Antonio BERENGUER, Eugenio R. LUJÁN y Juan RODRÍGUEZ SOMOLINOS, Veinte años de filología griega",1296
"François Lasserre, Nouveaux chapitres de littérature grecque",1297
Freiburger Universitätsblätter,1298
From the Gustavianum Collections,1299
From the Gustavianum Collections in Uppsala,1300
Gaia. Revue interdisciplinaire sur la Grèce archaïque [Université Stendhal-Grenoble,1301
Galenos. Rivista di filologia dei testi medici antichi,1302
Gallia,1303
Genava,1304
Genava N.S.,1305
Genus,1306
George Town Law Journal,1307
Gereformeerd theologisch Tijdschrift,1308
Gerión,1309
Germania,1310
Germany and You,1311
"Ginette LACAZE et Luc CAMINO, Mémoires de Suez. François Bissey et René Chabot-Morisseau à la découverte du désert oriental d'Égypte",1312
Glastechn. Berichte,1313
Glotta,1314
Gnomon,1315
Goden langs de Nijl. Religie,1316
Gold Bulletin,1317
"Gos. Ermitaz, Trudy otd. vostoka",1318
Göttinger Miszellen,1319
Grace Theological Journal,1320
Graeco-Arabica,1321
Graecolatina Pragensia,1322
Grand Street,1323
Grec et latin en,1324
Gymnasium,1325
Habis,1326
Hadrien: vices et vertus,1327
Hamdard medicus,1328
Handelingen [van de] Koninklijke Zuid-Nederlandse Maatschappij voor Taal- en Letterkunde en Geschiedenis,1329
Handes Amsorya,1330
Harvard Divinity School Bulletin,1331
Hathor,1332
Heidelberger Jahrbücher,1333
Helikon,1334
Helios,1335
Hellas,1336
Hellenika,1337
Helmantica,1338
Henoch,1339
Hermathena,1340
Hermeneus,1341
Hermes,1342
Hesperia,1343
Hessische Blätter für Volkskunde,1344
Het Boek,1345
Het Kind,1346
Histoire et Mesure,1347
Historia,1348
"Historica [Vereniging voor Vrouwengeschiedenis, Brussel]",1349
Historical Reflections / Réflexions historiques,1350
History,1351
History Today,1352
Hochland,1353
Hommage à Nazarena Valenza,1354
Horizon,1355
Horos,1356
Humanidades (Universidad Pontificia de Comillas),1357
Humanitas,1358
Humanitas (Brescia) N.S.,1359
Humanitas (Coimbra),1360
Hyperboreus,1361
I canali della propaganda nel,1362
Iatrika Chronika,1363
Ibérica,1364
Iconographie classique et identités régionales. Paris,1365
Il Foro Italiano,1366
Il Giornale dell'Università (Firenze),1367
Il Ponte,1368
Ilu,1369
Ilu. Revista de ciencias de las religiones,1370
Imagination,1371
Imago Aegypti,1372
Imago Mundi,1373
In memoriam E.V. Marmorale.,1374
Incontri triestini di Filologia classica,1375
Index,1376
Investigación y Progreso,1377
Irish Jurist N.S.,1378
Irish Theological Quarterly,1379
Isis,1380
Israel Law Review,1381
Israel Museum Journal,1382
Istoriko-Astronomitcheskie Issledovanija Akademii Nauk SSSR,1383
Istros,1384
Iura,1386
Iuris Antiqui Historia. An International Journal of Ancient Law,1387
Izvestija Akademii Nauk SSSR. Serija literatury i jazyka,1388
Izvestija Gosudarstvennoj Akademii Istorii Material'noj kultury fasc.,1389
J. Roy. Astron. Soc. Can.,1390
Jahrb. d. Österr. Byzantin. Ges.,1393
Jahrbuch der Einbandkunst,1397
Jahrbuch der Hafenbautechnischen Gesellschaft,1398
Jahrbuch des Museums für Kunst und Gewerbe Hamburg,1399
Janus,1400
"Jean BINGEN, Pages d'épigraphie grecque: Attique - Égypte",1401
"Jean BINGEN, Pages d'épigraphie grecque. II. Égypte",1402
Jewish Social Studies,1403
Journ. Fac. of Archaeol.,1404
Journal de Pharmacie de Belgique N.S.,1405
Journal de Psychologie normale et pathologique,1406
Journal médical de Strasbourg,1407
Journal of Ancient Civilizations,1408
Journal of Classical Studies,1409
Graeco-Latina Brunensia,1410
Journal of Economic and Business History,1411
Journal of Greco-Roman Christianity and Judaism,1412
Journal of Human Evolution,1413
Journal of Jewish Studies,1414
Journal of Northwest Semitic Languages,1415
Journal of Oriental and African Studies,1416
Journal of the Ancient Chronology Forum,1417
Journal of the Manchester Egyptian and Oriental Society,1418
Journal of the Society for the Study of Egyptian Antiquities,1419
Journal of the Transactions of the Victoria Institute,1420
Juridical Review,1421
Juristische Blätter,1422
Jus N.S.,1423
Kadmos,1424
Kairos,1425
Kairos N.F.,1426
Karthago,1427
Kemet,1428
Kêmi,1429
Kentron,1430
Kernos,1431
Klearchos,1432
Kleio,1433
Kleronomia,1434
Klio,1435
Klio N.F.,1436
Kodai,1437
Koinonia,1438
Kokalos,1439
Kölner Beiträge zur Sportwissenschaft,1440
Koptologische Studien in der DDR. WZ Halle,1441
Kretologia,1443
Kriterion,1444
Ktèma,1445
Kush,1446
Kwartalnik Historyczny,1447
Kyklos,1448
Kypriakai Spoudai,1449
L'Égypte du Delta: les capitales,1451
L'étude de l'histoire du droit en Belgique et aux Pays-Bas,1452
L'originalité de l'Égypte dans le,1453
L'vivs'kij derzavnij universitet imeni Ivan Franka. Pitanija klasicnoi filologii,1455
L'vivs'kij derzavnij Universitet Pitanija klasicnoj filologii,1456
La,1457
"La ""démocratisation de la culture"" dans",1458
La Conservazione delle Carte antiche,1459
La critica d'arte (Firenze),1460
La femme dans,1461
"La Feuille Blanche (Bulletin de l'Association des Amis du papier, des arts et des industries graphiques français) No.",1462
La fonction de juger. Égypte ancienne et,1463
La Lettre de Pallas,1464
La Lettre du Collège de France,1465
La médecine dans,1466
La Papirologia in,1467
La Parola del Passato,1468
La Pensée,1469
La Revue de la BNU [Bibliothèque nationale et universitaire de Strasbourg],1470
La Revue du Caire,1471
La Revue du Notariat,1472
La Zagaglia,1473
Labeo,1474
Lalies,1475
Lampas,1476
Language,1477
Laographia,1478
Late Antiquity Art in,1479
Later Greek,1480
Lateranum N.S.,1481
Latinitas,1482
Latomus,1483
Laverna,1484
Le Monde copte,1485
Le monde de la Bible,1486
Le Vie d'Italia e del Mondo,1488
Les,1489
Les Dossiers d'Archéologie,1490
Les Musées de Genève (Bulletin mensuel des Musées et Collections de la Ville de Genève),1491
Les mystères de,1492
Les Nouveaux Cahiers,1493
Les voies romaines autour de la,1494
Lettres d'Humanité,1495
Lexis,1496
Library Hi-Tech Consecutive,1497
Libri,1498
Libyca,1499
Lingua Aegyptia,1500
Livre du Centenaire de l'I.F.A.O.,1501
Livret de la IVe Section de l'École pratique des Hautes Études,1502
Livret-annuaire de l'École Pratique des Hautes Études. Section des Sciences historiques et philologiques,1503
Lucentum,1504
Luchnos,1505
Ludica. Annali di Storia e Civiltà del Gioco,1506
Ludus Magistralis,1507
Lustrum,1508
Machriq,1509
Macne Akademiia Nauk Gruzinskoi SSR [Bulletin de l'Académie des Sciences de la RSS Géorgienne. Série Littérature et Langue],1510
MÆnh,1511
Magyarok,1512
Maia,1513
Maia N.S.,1514
Mais N.S.,1515
Makedonika,1516
Maltechnik. Restauro,1517
Man N.S.,1518
Man. Journal of the Royal Anthropological Institute,1519
Marianum,1520
Mariner's Mirror,1521
"Marmora. International Journal for Archaeology, History and Archaeometry of Marbles and Stones",1522
"Marsyas (A Publication by the Students of the Institute of Fine Arts, New York University)",1523
Maske und Kothurn,1524
Materialy Archeologiczne,1525
Matianum,1526
Meander,1527
Meddelelser fra Ny Carlsberg Glyptotek,1528
"Mededelingen van de koninklijke Nederlandse Academie van Wetenschappen, Afdeling Letterkunde N.R., XIX",1530
Mediterraneus,1531
Memnonia,1532
Mémoires de l'Académie internationale de Droit comparé,1533
"Mémoires de la Société Nationale des Antiquaires de France, 8e série",1534
Mémoires. Bulletin de la Société francophone d'Histoire de l'Ophtalmologie,1535
Memoirs of the American Academy of Arts and Sciences,1536
Méroé,1538
Meroitic Newsletter,1539
Messana,1540
"Metallo e scrittura. Sinergia di due poteri. Roma, Università ""La Sapienza"", Dipartimento di Scienze storiche, archeologiche e antropologiche dell'Antichità",1541
Méthexis,1542
Mètis,1543
Michigan Alumnus Quarterly Review,1547
Millennium. Jahrbuch zu Kultur und Geschichte des ersten Jahrtausends n.Chr.,1550
Minerva,1551
Minima Epigraphica et papyrologica,1552
Miscelânea em honra da Doutora Maria Helena da Rocha Pereira.,1553
Miscellanea Academica Berolinensia (Ges. Abhand. zur Feier d.,1554
Miscellanea Biblica,1555
Miscellanea G.,1557
Miscellanea Gregoriana. Raccolta di scritti pubblicata nel I centenario dalla fondazione del Pontificio Museo Egizio,1558
Mistica Rosa. Rivista bimestrale per gli alunni ed ex alunni dei Fratelli Maristi (Roma),1559
Mitteilungen DAV,1560
Mitteilungen der Archäologischen Gesellschaft Graz,1561
Mitteilungen der Sudanarchäologischen Gesellschaft zu Berlin e.V.,1563
Mitteilungen des Oberhessischen Geschichtsvereins,1564
Mitteilungen für Anthropologie und Religionsgeschichte,1565
Mizraim,1567
Mneme Georges A. Petropoulos,1568
Mnemosyne,1569
"Mnesmosyne, 3. ser.",1570
Mnemosyne 4e s. Mnemosyne IV° S.,1571
Mnemosyne 4e s. Mnemosyne IV° S.,1571
Mnemosyne 4a s.,1572
Modern Language Notes,1573
Mousaion,1574
Mouseion (Canada),1575
Mouseion ser. III,1576
Münch. Theolog. Zeitschrift,1578
Muse,1579
Muséon,1580
Musica e storia,1581
Musiva et Sectilia,1582
Muthos. Rivista di storia delle religioni [Università degli Studi di Palermo],1583
Myrtia,1584
Nachrichten der Giessener Hochschulgesellschaft,1585
Nag Hammadi Studies,1586
Narody Azii i Afriki,1587
Naturwissenschaften,1588
Nauka Polska,1589
"Nauka Polska, jej Potrzeby, Organizacja i Rozwoj [La science polonaise. Ses besoins, son organisation et ses progrès]",1590
Navires et commerces de la,1591
Nea Hestia,1592
Nederl. Kath. Stemmen,1593
Nederlands Theologisch Tijdschrift,1594
Neon Athenaion,1595
Neophilologus,1596
Neotestamentica,1597
Neptunia,1598
Neue Deutsche Hefte,1599
Neue Rundschau,1600
Nieuw Tijdschrift van de Vrije Universiteit Brussel,1601
Nikephoros,1602
Nilus,1603
North Carolina Museum of Art,1605
Not. Chiostro Monastero maggiore,1606
Notizie dal Chiostro del Monastero Maggiore. Rassegna di Studi del Civico Museo Archeologico e del Civico Gabinetto Numismatico di Milano,1608
Nottingham Classical Literature Studies,1609
Nova Tellus,1610
Nubica,1611
Nubica et Aethiopica [antérieurement: Nubica],1612
Numen,1613
Numisma,1614
Numismatica,1615
Numismatics International,1616
Numizmaticar,1617
Nuova Antologia,1618
Nuovo Digesto Italiano,1619
Oberammergauer Vorträge (Gräfelfing vor München: Arbeitsgemeinschaft der Verlagshersteller),1620
Ocnus,1621
Oikumene,1622
Omaggio a,1623
Omnibus,1624
Onoma,1625
Opus,1626
Orbis,1627
Ord och bild,1628
Oriens,1629
Oriens Antiquus,1630
Orient,1631
Orient [The Society for Near Eastern Studies in Japan],1632
Orient-Press [Roma],1633
Orientalia,1634
Orientalia N.S.,1635
Orientalia Suecana,1636
Orientamenti culturali,1637
Orpheus,1638
Orpheus N.S.,1639
Osiris,1640
Österreichische Lehrerzeitung,1641
Österreichische Zeitschrift für öffentliches Recht,1642
Ostraka,1643
Paideia,1644
"Palaeologia (Osaka, Japon)",1645
Palaestra Latina,1646
Palamedes,1647
Palenstinskij Sbornik,1648
Palestinskij Sbornik,1649
Palestinskij Sbornik v y Pusk,1650
Palestra del Clero,1651
Pallas,1652
Pan,1653
Panstwo i Prawo,1654
Pantheon,1655
Papiro e mondo antico,1656
Papyri,1657
Papyrologica,1658
Parnassos,1659
Parole di Vita,1660
Parousia,1661
Patavium,1662
Pegaso,1663
Pharmazie,1664
Philologum,1665
Philologus,1666
Philologus N.F.,1667
Phoenix,1669
Phronesis,1671
Physis,1672
Poetica,1674
Polemon,1675
Polifemo,1676
Polis,1677
Polis. Studi interdisciplinari sul mondo antico [Università degli Studi Mediterranea di Reggio Calabria],1678
Polska Akademia Nauk. Sprawozdania z prac naukowych wydzialu nauk spolecznych,1680
Pompeiana. Biblioteca della Parola del Passato,1681
Population (Paris),1682
Pour la Science,1683
Prace historyczne,1684
Prace i Materialy Muzeum Archeologicznego i Etnograficznego w Lodzi. Seria numizmatyczna i konserwatorska,1685
Prace Komisji Historii Sztuki,1686
Pragmateiai tes Akademias Athenon,1687
Právné-historické studie,1688
Pravoslavnyy Palestinskiy sbornik,1690
Pravoslavyj Palestinskij Sbornik,1691
Préfaces,1692
Princeton University Library Chronicle,1693
Pro Arte,1694
Problemui Istorii dokapitalistichestkikh Obshchestv,1695
Problemy,1696
Proceed. of the American Philosophical Society,1697
Proceedings of the American Academy for Jewish Research,1698
Proceedings of the Royal Society of Historical Studies,1699
Programma zasedanij i tezisy dokladov konferencii po problemam anticnosti. Moskva,1700
Prolegomena,1701
Prometheus,1702
Prominenten kijken om. Achttien rechtsgeleerden uit de Lage Landen over,1703
Prospettiva,1704
Protokolle zur Bibel,1705
Prudentia,1706
Przeglad biblijny,1707
Przeglad Humanistyczny,1709
Przeglad Kulturalny,1710
Publications of the Observatory of the University of Michigan,1711
Pyrenae,1712
Qadmoniot,1713
"Quaderni del Dipartimento di Filologia, Linguistica e Tradizione classica",1715
Quaderni del Liceo Capece,1716
Quaderni di Acme,1717
Quaderni ticinesi di numismatica e antichità classiche,1718
Quaderno,1719
Quarterly Review of Literature,1720
Rabels Zeitschrift für ausländisches und internationales Privatrecht,1721
Raccolta di scritti dedicati a Orsolina Montevecchi.,1722
Ramus,1723
Rass. Soc. Afr. Ital.,1724
Réalités ophtalmologiques,1725
Record of the Art Museum Princeton University,1726
Recueil d'études dédiées à,1727
Relationes Budvicenses,1728
Religion in Life,1729
Renaissance,1730
"Rendiconti dell'Istituto Lombardo, Cl. di lettere",1731
Research and Progress,1732
Restaurator,1733
Restauratorenblätter,1734
Rev. gen. de legislación y jurisprudencia,1735
Revista Catalana de Teologia,1736
Revista crítica de derecho immobiliario Nos,1737
Revista del Instituto de Historia Antigua Orient.,1738
Revue archéologique du Centre,1739
Revue d'Alsace,1741
Revue de l'histoire juive en Égypte,1742
Revue de la Banque,1743
Revue de la Bibliothèque Nationale,1744
Revue de la Société Ernest Renan n.s.,1745
"Revue de Philologie, 3e série",1746
Revue des ...tudes Augustiniennes,1747
Revue des Conférences françaises en Orient,1748
Revue des études juives. Historia judaica,1749
Revue des sciences économiques (Liège),1750
Revue des sciences religieuses,1751
Revue du Nord,1752
Revue européenne des sciences sociales et Cahiers Vilfredo Pareto,1753
Revue historique de Bordeaux et du département de la Gironde,1754
Revue internationale de Pédiatrie,1755
Revue Médicale de Liège,1756
Revue Roumaine d'Égyptologie,1757
Revue thomiste,1758
Revue. Informatique et statistique dans les sciences humaines,1759
Ricerche di Egittologia e di Antichità Copte,1760
Rivista di Bizantinistica,1761
Rivista di diritto agrario,1762
Rivista di diritto privato,1763
Rivista di Merceologia,1764
Rivista italiana per le Scienze giuridiche ser. III,1766
Rivista trim. di diritto e proced. civile,1767
Rivisti di Diritto Agrario,1768
Rocznik Muzeum Narodowego,1769
Rocznik Muzeum Narodowego w Warszawie,1770
Rocznik Muzeum Narodowego w Warszawie [Annuaire du Musée National de Varsovie],1771
Roczniki Humanistyczne (Lublin),1772
Roma,1773
Romance Philology,1774
Romanistik in Geschichte und Gegenwart,1775
Romanitas,1776
Römisches Glas des,1777
Römisches Porträt. Wege zur Erforschung eines gesellschaftlichen Phänomens. Wissenschaftliche Konferenz,1778
Rotunda,1779
Ruch Biblijny i Liturgiczny (Cracovie),1781
Rudiae,1782
Rudolfinum. Jahrbuch des Landesmuseums Kärnten,1783
Saeculum,1784
Sahara,1785
Sal Terrae (Santander),1786
Samtichen,1787
Samtidem,1788
San. Journal of the Society for Ancient Numismatics,1789
Sandalion,1790
Sarapis,1791
"Savigny-Zeitschrift, Röm. Abt.",1792
Sbornik Gosud. Ermitaz. Skul'ptura v muzee,1793
Schol(i)a,1794
Scholia,1795
Schweizer Beitr. z. allg. Gesch.,1796
Schweizer Beiträge zur Allgemeinen Geschichte,1797
Schweizer Münzblätter,1798
Science and Society,1799
"Science and Technology for Cultural Heritage. Journal of the ""Comitato Nazionale per la Scienza e la Tecnologia dei Beni Culturali"", CNR",1800
Science et Esprit,1801
Scientia,1802
Scientific American,1803
Scientific Monthly,1804
Scienza e Tecnica,1805
"Scienze dell'Antichità. Storia, archeologia, antropologia [Università degli Studi di Roma ""La Sapienza""]",1806
Scienze e Tecnica,1807
Scolastik,1808
Scriba,1809
Scriptorium,1810
Scritti in onore di Lombardo Ferrini pubblicati in occasione della sua Beatificazione. I,1811
Scuda Cattolica,1812
Sefarad,1813
Segno e Testo,1814
Segno e Testo. International Journal of Manuscripts and Text Transmission [Università degli Studi di Cassino],1815
Seiyoshigaku [Studies in Western History],1816
Semeia,1817
Seminar,1818
Seminar. An Annual Extraordinary Number of the Jurist,1820
Seminarium Kondakovianum,1821
Semitica,1822
"Septuagint and Cognate Studies (Missoula, Mont.)",1823
Serapis,1824
Palaeohispanica,1825
"Sibrium. Centro di Studi Preistorici ed Archeologici, Varese",1826
Sicilia antiqua,1827
Siegener Hochschulblätter,1828
Sileno,1829
Smithsonian,1830
Society of Biblical Literature. Seminar Papers Series.,1831
Soobscenija gosudarstvennogo Ermitaza [Communications du Musée d'État de l'Ermitage],1832
Speculum,1833
Spektrum,1834
Spiegel der Forschung. Justus-Liebig-Universität Giessen,1835
Spiegel Historiael,1836
Spomenika Profesoru,1837
Sprache,1838
Sprawozdania Polsk. Akad. Um.,1839
Sprawozdania Polskiej Akademii Umiejetnosci,1840
Sprawozdania Poznanskiego Towarzystwa Przyjaciót Nauk,1842
Sprawozdania Wroclawskiego Towarzystwa Nauk,1843
Sprawozdania z czynnosci i poseidzen Polskiej Akad. Umiej,1844
Sprawozdania z Prac Naukowych Wydzialu Nauk Spolecznych,1845
Stadion,1846
Stasinos. Deltio tou Sundesmou Hellen Philol. Kuprou (Leucosia),1847
Stlt N.S.,1848
Storia dell'Arte,1849
Studi di Egittologia e di Antichità puniche,1850
Studi e Ricerche sull'Oriente cristiano,1851
Studi Economici-giuridici della Reale Università di Cagliari,1852
Studi epigrafici e linguistici sul Vicino Oriente,1853
Studi Senesi,1855
Studi Trentini di Scienze storiche,1856
Studi vari,1857
Studia Aegyptiaca,1858
Studia Antiqua,1859
Studia Archeologiczne,1860
Studia Archeologiczne. Uniwersytet Warszawski. Instytut archeologii,1861
Studia Ghisleriana. Ser. I. Studi giuridici,1862
Studia Hellenistica,1863
Studia philologica Valentina,1864
Studien,1865
Studien zur Altägyptischen Kultur,1866
Studies in Conservation,1867
Studii Teologice (Bucarest),1868
Studium Generale (Porto),1869
Stultifera Navis,1870
Subseciva Groningana. Studies in Roman and Byzantine Law,1871
Sudan & Nubia,1872
Sudan Texts Bulletin,1873
Sungraphe,1874
Suomen Museo,1875
"Supplément au Dictionnaire de la Bible de F. Vigouroux, fasc.",1876
Symb. Osl.,1877
Symbolae Arminio de Gerkan sexagenario,1878
Symbolae Hrozny.,1879
Symbolae Raphaeli Taubenschlag,1880
Symbolae Raphaeli Taubenschlag dedicatae.,1881
Synthesis (La Plata),1882
Syria,1883
Syro-Egypt,1884
Sztandar Mlodych,1885
Talanta,1886
Technical Association of Man-Made Fiber Paper,1887
Technical Studies in the Field of the Fine Arts,1888
"Technologia. Quarterly Review devoted to Historical and Social Studies in Science, Technology and Industry",1889
Temas bíblicos,1890
Temis. Revista de ciencia y técnica jurídicas,1891
Tempo Nuovo,1892
Text. Transactions of the Society for Textual Scholarship,1893
Textile History,1894
Textile Museum Journal,1895
Textilforum,1896
Thalès,1897
The Anvil,1898
The Arbitration Journal. A Quarterly of the American Arbitration Association,1899
The Artefact,1900
The Bible Translator,1901
The Brooklyn Museum Annual,1902
The Cambridge Journal,1903
The Canadian Journal of Economics and Political Science,1904
The Catholic Biblical Quarterly,1905
The Celator,1906
The Church Quarterly Review,1907
The Economic History Review,1908
The Egyptian Bulletin,1909
The Hibbert Journal,1911
The Indian Archives,1912
The Journal of Hellenic Studies,1913
The Journal of Jewish Studies,1914
The Journal of the Society for the Study of Egyptian Antiquities,1915
The Jurist,1916
The Kyoto Journal of Ancient History,1917
The Library,1918
The Library Quarterly,1919
The Link,1920
"The Listener, May",1921
The Maynooth Review,1922
The Michigan Quarterly Review,1923
The Polish Review,1924
The Polish Review (New York),1925
The Princeton Seminary Bulletin,1926
The Qumran Chronicle,1927
The Review of the Polish Academy of Sciences,1928
The University of Leeds Review,1929
The University of Toronto Quarterly,1930
Thetis,1932
Thetis. Mannheimer Beiträge zur Klassischen Archäologie und Geschichte Griechenlands und Zyperns,1933
Thought. A Quarterly of the Sciences and Letters,1934
Tijdschrift voor Theologie,1935
"Tod, Bestattung und Jenseits in",1936
Topoi,1937
Trabajos de Egiptología. Papers on Ancient Egypt,1938
Traditio,1939
Transactions Bibliograph. Society,1940
Transactions of the Connecticut Academy of Arts and Sciences,1941
Transeuphratène,1942
Trends in Classics,1943
Trierer Beiträge,1944
Trierer Theologische Zeitschrift,1945
Trudy Tiflisskogo gosudarstvennogo universiteta,1946
Tulane Law Review,1947
Turun Historiallisen Yhdistyksen julkaisuja,1948
Tyche,1949
Tydskrif vir wetenskap en kuns N.R.,1950
Tyndale Bulletin,1951
Ucenye zapiski Gor'kovskogo Gosudarstvennogo Universiteta. Serija,1952
Ucenye zapiski Jaroslavskogo gosudarstvennogo ped. Instituta fasc.,1953
Uitzicht,1954
Unijournal. Zeitschrift der Universität Trier. Themenheft.,1955
Universitas,1956
Université Libre de Bruxelles. Faculté de Droit. Travaux et Conférences,1957
University of California Publications in Classical Philology,1958
University of California Publications in Semitic Philology X,1959
University of Toronto Quarterly,1960
Universum,1961
Varia Aegyptologica,1962
Vedute sull'Egitto antico. Annuario,1963
Veleia,1964
Verbatim,1965
Vereniging van Vrienden Allard Pierson Museum Amsterdam. Mededelingenblad,1966
Vergleich und Analogieschluss in,1967
Veritas (Pôrto Alegre),1968
Vichiana,1969
Vichiana N.S.,1970
Vistas in Astronomy,1972
Vita e Pensiero N.S.,1973
Vivre et Penser,1974
Vizantijskij Vremennik,1975
Volume offert au Professeur Justin,1976
Volumen Homenaje al Rev. P.D. Benito,1977
Vspomogatel'nye istoriceskie discipliny,1978
Wetenschappelijke Tijdingen,1980
Wiadomosci Numizmatyczne,1982
Wiadomosci Numizmatyczne - Polish Numismatic News,1983
Widnokregi No.,1984
Wiedza i zycie,1985
"William M. CALDER III et Jaap MANSFELD (Entretiens préparés et présidés par), Hermann Diels",1986
Wissenschaftliche Annalen,1987
Wissenschaftliche Konferenz,1988
Xenia Antiqua,1989
Yale Review,1990
Year Book of the American Philosophical Society,1991
Zagadnienia rodzajów literackich,1992
"Zbornik radova Vizantološkog instituta [Recueil des travaux de l’Institut d’études byzantines, Belgrade]",1993
"Zeitschr. f, Geschichtswiss.",1994
Zeitschrift für altorientalische und biblische Rechtsgeschichte,1995
Zeitschrift für mathematischen und naturwissenschaftlichen Unterricht,1997
Zeitschrift für Neues Testament,1998
Zeitschrift für Semitistik,1999
Zeitschrift von Schweizerischen Recht,2000
Zeitwende,2001
Zentralblatt für Psychotherapie und ihre Grenzgebiete,2002
"Zeszyty naukowe Uniwersytetu Wroclawskiego Seria A, Nr.",2003
Zetesis,2004
Zion,2005
Zycie szkoly wyzszej,2006
Il Diritto marittimo,2007
The Picus,2008
Acta Poloniae historica,2009
Agostino Soldati PP,2010
American Journal of Comparative Law,2011
Anabases,2012
Analecta Malacitana (Málaga),2013
Analecta Sacra Tarraconensia,2014
Ancient Society. Resources for Teachers,2015
Andrews University Seminary Studies,2016
Annali della Fondazione italiana per la storia amministrativa,2017
Archivo teológico Granadino,2022
Bernard Boyaval REA,2023
Bulletin de l'Association des Classiques de l'Université de Liège,2024
Bulletin des Bibliothèques de France. Bulletin de documentation bibliographique,2026
Bullettino dell'Istituto di Diritto Romano 'Vittorio Scialoja',2027
Bullettino dell'Istituto di Diritto Romano 'Vittorio Scialoja' 3a ser.,2028
Bullettino dell'Istituto di Diritto Romano 'Vittorio Scialoja' 3e s.,2029
Bullettino dell'Istituto di Diritto Romano,2030
Bullettino dell'Istituto di Diritto Romano 3e s.,2031
Bullettino dell'Istituto di Diritto Romano 3a s.,2032
Cahiers d'Histoire,2033
Classical Weekly,2034
Collationes (Gand),2035
Columbia Law Review,2036
Confrontations (Tournai),2037
Die Welt des Orients,2038
Eiskasmos,2039
Ellenika,2040
Erasmus,2041
Euphrosyne N.S.,2045
Euphrosyne,2046
Exemplaria Classica,2047
Forum der Letteren,2048
Galesianum,2049
Graecolatina et Orientalia,2050
Gregorianum,2051
Hellenica,2052
Historische Literatur,2053
International Journal of African Historical Studies,2054
Jewish Studies Quarterly,2055
Journal of Australasian Universities Language and Literature Association,2056
Journal of Semitic Studies,2057
Kirjath Sepher,2058
Kratylos,2059
Laudate,2061
Libraries & Culture,2062
Litterae Caelestes,2063
Medioevo greco,2064
Minima Epigraphica et Papyrologica,2066
Mouseion,2067
Museum,2069
Nieuwe Theologische Studiën,2070
Ordia prima,2071
Paedagogica Historica. International Journal of the History of Education,2072
Papyrologica Lupiensia,2073
Philologia (Sofia),2074
Platôn,2075
Primum legere,2077
Przeglad Historyczny,2078
Religio,2079
Rendiconti dell'Istituto Lombardo. Parte Generale e Atti Ufficiali,2080
Rhetoric Society Quarterly,2081
Revista Española de teologia,2082
Revolutionary History,2083
Revue Bénédictine,2084
Revue d'ascétique et de mystique,2085
Rivista di Egittologia e di Antichità Copte,2088
Salesianum,2090
Scholastik,2092
Signs,2093
Sobornost,2094
Studi medievali,2095
Studi medievali 3a s.,2096
Studia historica. Historia antigua [Universidad de Salamanca],2097
Südost-Forschungen,2098
Svensk teologisk kvartal Skrift,2099
The Classical Weekly,2100
The Irish Jurist N.S.,2101
Theologia,2102
Vetera Christianorum,2103
Zeitschrift für Religions- und Geistesgeschichte,2106
ARAM,2107
BollClass N.S.,2110
Bulletin de la Société d'Archéologie Copte,2111
Bulletin de la Société d'Études historiques et géographiques de l'Isthme de Suez,2112
Bulletin de la Société Royale de Géographie d'Égypte,2113
Dacia N.S.,2116
Eunomia (Ephemeridis Listy Filologické Supplementum),2117
ONOMA,2120
TAPHA,2123
Main Titulo,2124
Atti della Accademia Roveretana degli Agiati,2125
Bollettino della Badia greca di Grottaferrata,2127
Bulletin de la Société Neuchâteloise de Géographie,2128
Das Antiquariat,2129
Didactica Classica Gandensia,2130
Hephaistos,2131
Journal of Ancient Egyptian Interconnections,2132
Journal of Biosocial Science,2133
Journal of Late Antiquity,2134
Meroitica,2135
Philologia antiqua,2136
Phoibos,2137
Pro Memorie. Bijdragen tot de rechtsgeschiedenis der Nederlanden,2138
Revue de l'Occident Musulman et de la Méditerranée,2139
Revue de Qumran,2140
Riggisberger Berichte,2141
Roczniki Teologiczno-Kanoniczne,2142
Rocznyk Muzeum Narodorvego w Warszawie,2143
Schweizerisches Archiv für Volkskunde,2144
Scripta Hierosolymitana,2145
Slovenska Akademija znanosti in umetnosti. Razred za filoloske in literarne vede. Razprave,2146
Studi tardoantichi,2147
Studies in Ancient Art and Civilization,2148
Théologie historique,2149
Zboenik Pravnog Fakulteta u Zagrebu,2150
Μήνη,2151
Νέα Ῥώμη. Rivista di ricerche bizantinistiche,2152
Acta facultatis politico-iuridicae universitatis scientiarum Budapestinensis de Rolando Eötvös nominatae,2153
Acta Universitatis Lodziensis. Folio Iuridica,2154
Annali di Storia delle Università Italiane,2155
Annali di Storia moderna e contemporanea,2156
Ateliers,2157
Berichte und Arbeiten aus der Universitätsbibliothek Giessen,2158
Bibliotheksforum Bayern,2159
Droit et Cultures. Revue semestrielle d'anthropologie et d'histoire,2160
Eretz-Israel,2161
Historical Social Research,2162
Literary & Linguistic Computing,2164
The Oriental Institute of the University of Chicago. Studies in Ancient Oriental Civilization,2165
Dictynna,2168
British Museum Studies in Ancient Egypt and Sudan,2169
Japan Studies in Classical Antiquity,2170
Lucida Intervalla,2171
Aestimatio,2172
Mediterranean Archaeology and Archaeometry,2173
Revue des études tardo-antiques,2174
Lanx,2175
Ηπειρωτικά Γράμματα,2176
Journal of Indian Ocean Archaeology,2177
ENiM,2178
Dresdner Numismatische Hefte,2179
The Classical and Medieval Numismatic Society Journal,2180
Fundamina. A Journal of Legal History [Pretoria],2181
Quaderni della Soprintendenza Archeologica del Piemonte,2182
Mètis N.S.,2183
Aitia,2184
Ágora,2186
aMun. Magazin für die Freunde der Ägyptischen Museen,2188
Byzantion Nea Hellás,2189
CentoPagine,2190
Disciplina,2191
Eruditio Antiqua,2192
Faculty of Tourism and Hotels Magazine,2193
Geomorphology,2194
História Revista,2195
Historiká. Studi di storia greca e romana,2196
"Il Maurolico. Giornale di storia, scienze, lettere e arti",2197
Iura Orientalia,2198
Journal of Ancient Near Eastern Religions,2199
Journal of the Canadian Society for Coptic Studies / Journal de la société canadienne pour les études coptes,2200
Mare Nostrum. Estudos sobre o Mediterrâneo Antigo,2201
Méditerranée. Revue géographique des pays méditerranéens,2202
MOSAIKjournal,2203
Notícia Bibliográfica e Histórica,2204
"Oracula. Revista de Estudos de Apocalíptica, Misticismo e Fenômenos Visionarios",2205
Revista de História,2206
Revista do Museu de Arqueologia e Etnologia,2207
Scripta,2208
Semitica et Classica,2210
Studia Antiqua et Archaeologica,2211
Studia Liturgica,2212
Revista de Estudos Filosóficos e Históricos da Antiguidade,2213
Journal of Egyptian History,2215
Early Christianity,2216
eTopoi. Journal for Ancient Studies. Special Volume.,2217
AeR N.S.,2218
ZAL,2219
Dionysus ex machina,2220
El Futuro del Pasado,2221
PalArch's Journal of Archaeology of Egypt / Egyptology,2222
ExClass,2223
Alétheia,2224
Eugesta. Revue sur le genre dans l'Antiquité,2225
Roman Legal Tradition,2226
Studia Iuridica,2227
U Schyłku Starożytności. Studia Źródłoznawcze,2228
Past Imperfect,2229
Mainake,2230
Materia Giudaica,2231
Tetradio,2232
Vegetation History and Archaeobotany,2233
Revista de Estudios Históricos-Juridicos,2234
Histos,2235
Radiocarbon,2236
Conserveries matérielles. Revue transdisciplinaire de jeunes chercheurs,2237
Aigis,2238
"AJA, Online Book Reviews",2240
AHB Online Reviews,2241
AnnIsl,2242
Annuaire de l'École Pratique des Hautes Études. Section des Sciences religieuses,2243
ArchPF. Beiheft,2244
BEFAR,2245
Bollettino di Archeologia On Line,2246
BAR International Series,2247
BCH. Supplément,2248
BAssBude,2249
Bulletin of the History of Archaeology,2252
Byzantinische Forschungen,2253
CENiM,2254
"Cahiers ""Mondes anciens""",2255
Camenae,2256
Camenulae,2257
Classical Studies (Kyoto),2258
Classics@: An Online Journal,2259
Dacia,2260
Didaskalia,2261
Digressus,2262
Dossiers d'Archéologie,2263
ECA,2264
EClas,2265
Etudes,2266
Ferrovissime,2267
Goettinger Miszellen,2268
Histara,2269
Historia Religionum,2270
Historika ?,2271
Ítaca,2273
JMuench,2274
JANER?,2275
Kyphi,2276
Levant,2277
Littera Antiqua,2278
M.P.E.R.,2279
Mitteilungen der Sudanarchaeologischen Gesellschaft zu Berlin e.V. (Der antike Sudan),2280
ὅρμος,2281
Plekos,2282
Plêthos,2283
Polish Archaeology in the Mediterranean,2284
Pomoerium,2285
Res Antiquae,2286
Revue des études militaires anciennes,2287
RoemQSchr,2288
SBMuench,2289
SAOC,2291
Vergilius,2292
Bryn Mawr Classical Review,2293
«Abhandl. Königl. Preuss. Akad. Wiss.» philos.-hist. Kl.,2294
Jahrbücher für classische Philologie,2295
Studi filologici e storici,2296
Bulletin de l'Académie Impériale des Sciences de St. Pétersbourg,2297
Classici e Neolatini,2298
Giornale degli Scavi di Pompei,2299
Il Pensiero,2300
Lexicon Philosophicum,2301
Museo italiano di antichità classiche,2302
Museum Philologum Londiniense,2303
Nachrichten von der Gesellschaft der Wissenschaften zu Göttingen,2304
Studi Classici e Orientali,2305
Журнал Министерства народного просвещения (Žurnal Ministerstva narodnogo prosveščenija),2306
The Law Quarterly Review,2307
RD,2308
Seminarios Complutenses de derecho romano,2309
Rotulus,2310
Transactions of the Royal Irish Academy,2311
Electrum,2312
Eleutheria,2313
Journal of the Royal Asiatic Society,2314
Religious Studies Review,2315
Sehepunkte,2316
Early Medieval Europe,2317
Proceedings of the Society of Biblical Archaeology,2318
Scripta Biblica et Orientalia,2319
Cistercian Studies Quarterly,2320
Coptica,2321
Critical Sociology,2322
Der Islam,2323
Dotawo. A Journal of Nubian Studies,2324
Eastern Christian Art,2325
Ekklesiastikos Pharos,2326
Electryone,2327
Incontri di filologia classica,2328
Informes y trabajos,2329
International Journal of Paleopathology,2330
Islamic Law and Society,2331
Israel Numismatic Research,2332
Journal of Agrarian Change,2333
Journal of Ancient History,2334
Journal of Ancient Indian History,2335
Médiévales,2336
Mediterranean Language Review,2337
Mnemon,2338
Nowy Filomata,2339
Olba,2340
Przegląd Religioznawczy,2341
Revista Alétheia,2342
Revista Numismática Hécate,2343
Revue historique de Dunkerque et du littoral,2344
Rivista di diritto ellenico,2345
Studia Orientalia Electronica,2346
Światowit. Annual of the Institute of Archaeology of the University of Warsaw,2347
"Truppendienst. Zeitschrift für Ausbildung, Führung und Einsatz im Österreichischen Bundesheer",2348
Papyrotheke. Rivista online di Papirologie dell'Università di Parma,2349
Romanitas. Revista de Estudos Grecolatinos,2350
Antiguo Oriente. Cuadernos del Centro de Estudios de Historia del Antiguo Oriente,2351
Arabica,2352
Archaeological Review from Cambridge,2353
Archai. Revista sobre as origens do pensamento ocidental,2354
Architecture and Modern Information Technologies,2355
Arkeoloji Dergisi,2356
Cahiers Caribéens d'Égyptologie,2357
Gephyra. Journal for the Ancient History and Cultures of the Eastern Mediterranean,2358
Greek and Roman Musical Studies,2359
"Systasis. E-journal of the Association of Classical Philologists ""Antika""",2360
Anabasis. Studia Classica et Orientalia,2361
CHS Research Bulletin,2362
BABELAO,2363
Archimède. Archéologie et histoire ancienne,2364
Biblica et Patristica Thoruniensia,2365
Atti del Sodalizio Glottologico Milanese,2366
Annuaire de la Société Française de Numismatique et d'Archéologie,2367
Musica Disciplina,2368
Archiv für Bibliographie,2369
Archivum Mentis,2370
Polygraphia,2371
Sciamus,2372
Sitzungsberichte der Königlich Preußischen Akademie der Wissenschaften zu Berlin,2373
Pylon,2374
Epigraphica Anatolica,2376
Manuscripta,2377
Cuneiform Digital Library Bulletin,2378
Baghdader Mitteilungen,2379
Oxoniensia,2380
Journal of Raman Spectroscopy,2381
Manuscript Cultures,2382
Archaeological and Anthropological Sciences,2383
Gazette du livre médiéval,2384
Heritage Science,2385
Chemické listy,2386
Ulster Journal of Archaeology,2387
Droit et Cultures. Revue internationale interdisciplinaire,2388
Journal of Greek Linguistics,2389
Journal of the General Union of Arab Archaeologists,2390
Amtliche Berichte aus den Königlichen Kunstsammlungen,2391
IWNW,2392
Classical Papers,2393
Eastern Theological Journal,2394
Vjesnik Arheološkog muzeja u Zagrebu,2395
Archivio Glottologico Italiano,2396
ISAW Papers,2397
Египет и сопредельные страны / Egypt and Neighbouring Countries,2398
Laografia / Λαογραφία : Δελτίον τῆς Ἑλληνικῆς Λαογραφικῆς Ἑταιρείας,2399
Philosophical Perspectives,2400
Historical Research,2401
Philosophical Papyri,2402
Göttingischer gelehrte Anzeigen,2403
Mediaeval Studies,2404
Forum Archaeologiae - Zeitschrift für klassische Archäologie,2405
History of Philosophy &amp; Logical Analysis,2406
Bollettino di Studi Latini,2407
Recueil de travaux relatifs à la philologie et à l'archéologie égyptiennes et assyriennes,2408
Revue de l'Égypte ancienne,2409
Revue égyptologique,2410
Studî della Scuola Papirologica,2411
Études de papyrologie,2412
Bollettino del Comitato per la preparazione dell'Edizione nazionale dei Classici greci e latini,2413
Bulletin of the United States Bureau of Plant Industry,2414
BMCRev,843
